Dog Breed,Min Height,Max Height
Affenpinscher,25,30
Afghanischer Windhund,63,74
Aïdi,52,62
Ainu-Hund,45,55
Airedale Terrier,56,61
Akbash,69,86
Akita Inu,58,70
Alano Espanol,55,63
Alaskan Malamute,56,66
Alpenländische Dachsbracke,34,42
Altdänischer Vorstehhund,50,60
American Akita,61,71
American Bulldog,50,71
American Bully,40,58
American Bully Xl,48,61
American Foxhound,53,64
American Pit Bull Terrier,43,53
American Staffordshire Terrier,43,48
American Staghound,71,76
Amerikanischer Cocker Spaniel,34,39
Anatolischer Hirtenhund,71,81
Anglo?francais de petite venerie,48,56
Anglo-francais de petite venerie,48,56
Anglo-Francais de Petite Vénerie,48,56
Appenzeller Gebirgsschweisshund,50,56
Ariegeois,52,58
Aussiedoodle,30,58
Australian Cattle Dog,43,51
Australian Shepherd,46,58
Australian Silky Terrier,23,26
Azawakh,60,74
Balkanbracke,46,55
Barbet,52,65
Barsoi,68,85
Basenji,38,43
Basset artesien normand,30,36
Basset Artésien-Normand,30,36
Basset Bleu de Gascogne,34,38
Basset Fauve de Bretagne,32,38
Basset Hound,28,38
Basset Hound,33,38
Bayerischer Gebirgsschweisshund,47,52
Bayrischer Gebirgsschweisshund,44,52
Beagle,33,41
Beagle Harrier,45,50
Beagle-Harrier,45,50
Bearded Collie,51,56
Beauceron,64,71
Bedlington Terrier,38,44
Bedlington-Terrier,38,44
Bergamasker Hirtenhund,58,62
Berger Blanc Suisse,55,66
Berger de Beauce (Beauceron),61,70
Berger de Brie (Briard),56,68
Berger de Picardie (Berger Picard),55,65
Berger de Pyrénées,38,48
Berger des Pyrenees a face rase,38,48
Berger des Pyrenees a poil long,38,48
Berger Picard,55,65
Berner Laufhund,40,46
Berner Niederlaufhund,33,41
Berner Sennenhund,58,70
Bernhardiner,65,90
Bichon,23,30
Bichon frise,23,30
Bichon Frisé,23,30
Bichon/Yorkie,20,30
Billy,60,70
Black and Tan Coonhound,53,69
Black-and-tan Coonhound,58,69
Bloodhound,58,69
Blue Lacy,43,56
Bobtail,51,61
Boerboel,60,70
Bologneser,25,30
Bolonka,22,26
Bolonka Zwetna,24,26
Bordeauxdogge,57,67
Border Collie,46,56
Border Terrier,28,40
Borzoi,68,85
Bosanski Ostrodlaki Gonic - Barac,46,56
Bosnischer Rauhhaariger Laufhund,46,56
Boston Terrier,38,43
Bouvier des Flandres,59,68
Boxer,53,63
Brabancon,18,20
Bracco Italiano,55,67
Bracke,40,53
Brandlbracke,48,56
Braque d´Auvergne,53,63
Braque d'Auvergne,53,63
Braque du Bourbonnais,48,57
Braque francais - Type Gascogne (Grande),56,69
Braque francais - Type Pyrenees (Petite),47,58
Braque Saint-Germain,56,62
Brasilianischer Terrier,35,40
Briard,56,69
Briquet Griffon Vendeen,48,55
Broholmer,70,80
Bull Terrier (Standard),45,55
Bulldog,31,40
Bullmastiff,61,68
Bullterrier,45,55
Ca de Bestiar,55,73
Ca de Bestiar (Mallorca Schäferhund),55,73
Cairn Terrier,23,33
Canaan Dog,50,60
Cane Corso,58,70
Cane Corso Italiano,60,68
Cao da Serra de Aires,45,55
Cao de Agua Portugues,43,57
Cao de Agua Portugues (Portug. Wasserhund),43,57
Cao de Castro Laboreiro,52,60
Carolina Dog,43,61
Catahoula Leopard Dog,51,66
Cavalier King Charles Spaniel,30,33
Cesky Fousek,58,66
Cesky Terrier,25,32
Chesapeake Bay Retriever,53,66
Chien d´Artois,52,58
Chihuahua,15,23
Chihuahua Kurzhaar,15,23
Chihuahua kurzhaariger Schlag,15,23
Chihuahua Langhaar,15,23
Chihuahua langhaariger Schlag,15,23
Chin,20,27
Chinese Crested Dog hairless,23,33
Chinese Crested Dog powderpuff,23,33
Chinesischer Schopfhund,23,33
Chinook,54,66
Chodsky Pes,49,56
Chow Chow,46,56
Cimarron Uruguayo,58,61
Ciobanesc Romanesc Carpatin,59,73
Ciobanesc Romanesc de Bucovina,68,78
Ciobanesc Romanesc Mioritic,65,75
Cirneco dell'Etna,42,50
Cocker Spaniel,36,43
Cockerpoo,25,38
Collie,51,61
Collie Kurzhaar (Smooth),51,61
Collie Langhaar (Rough),51,61
Coton De Tuléar,22,30
Dackel,25,45
Dalmatiner,56,61
Dandie Dinmont Terrier,20,28
Dandie-Dinmont Terrier,20,28
Dänischer Bauernhund,32,35
Dansk-Svensk Gardshund,32,35
Deerhound,71,81
Deutsch Drahthaar,57,68
Deutsch Kurzhaar,53,64
Deutsch Langhaar,58,70
Deutsche Bracke,40,53
Deutsche Dogge,71,86
Deutscher Boxer gestromt,53,63
Deutscher Jagdterrier,33,40
Deutscher Pinscher,40,45
Deutscher Schäferhund,55,65
Deutscher Schäferhund Brauner langhaariger Schlag,55,65
Deutscher Schäferhund Cremefarbener langhaariger S,55,65
Deutscher Schäferhund Cremefarbener langhaariger Schlag,55,65
Deutscher Schäferhund Schwarzer langhaariger Schla,55,65
Deutscher Schäferhund Schwarzer langhaariger Schlag,55,65
Deutscher Spitz,30,38
Deutscher Wolfsspitz,43,55
Dobermann,61,72
Dobermann braun-rot,63,72
Dobermann schwarz-rot,63,72
Dog de Bordeaux (Bordeauxdogge),60,68
Dogo Argentino,60,68
Dogo Canario,56,65
Dogue de Bordeaux,60,68
Do-Khyi,66,76
Drahthaar-Foxterrier,36,39
Drentsche Patrijshond,55,63
Drentse Patrijshond,55,63
Elo,40,60
Englische Bulldogge,31,40
English Bulldog,31,40
English Cocker Spaniel einfärbig,38,41
English Cocker Spaniel mehrfärbig,38,41
English Coonhound,53,69
English Mastiff,70,91
English Pointer,61,69
English Setter,61,69
English Springer Spaniel,48,51
English Toy Terrier,25,30
Epagneul Bleu de Picardie,57,60
Epagneul Breton,46,52
Epagneul Francais,55,61
Epagneul Picard,55,62
Erdelyi Kopo,55,65
Eskimohund,50,60
Eurasier,48,60
Field Spaniel,43,48
Fila Brasileiro,60,75
Finnen-Spitz,39,51
Finnischer Lapphund (Suomen Lapinkoira),46,52
Flat-Coated Retriever,56,62
Fox Terrier drahthaar,36,39
Fox Terrier glatthaar,36,39
Foxterrier,33,41
Francais blanc et noir,62,72
Francais Tricolore,62,72
Französische Bulldogge,24,35
Französischer Spaniel,54,51
Gammel Dansk Hoensehund,50,60
German Shorthaired Pointer,53,64
Glatthaar-Foxterrier,36,39
Glen of Imaal Terrier,32,36
Golden Retriever,51,61
Gonczy Polski,50,56
Gordon Setter,58,69
Gos d'Atura Catala,42,48
Grand Basset Griffon Vendeen,40,44
Grand gascon saintongeois,65,72
Great Dane,71,86
Greyhound,68,76
Griffon Belge,18,20
Griffon bleu de Gascogne,50,57
Griffon bleue de Gascogne,48,57
Griffon Bruxellois,18,20
Griffon fauve de Bretagne,48,56
Griffon Korthals,50,60
Griffon Nivernais,55,60
Groenendaeler,60,62
Grönlandhund,55,60
Großer Münsterländer,58,65
Grosser Schweizer Sennenhund,65,72
Großpudel,45,60
Grosspudel Apricot,45,62
Grosspudel Braun,45,62
Grosspudel Falb,45,62
Grosspudel falb aus Mehrfarben,45,62
Grosspudel Grau,45,62
Grosspudel Rot,45,62
Grosspudel Schwarz,45,62
Grosspudel schwarz aus Mehrfarben,45,62
Grosspudel Weiss,45,62
Grossspitz Braun/Schwarz,42,50
Grossspitz Weiss,42,50
Haldenstöver,50,60
Hannoverscher Schweisshund,50,55
Harrier,48,55
Harzer Fuchs,50,60
Havaneser,23,27
Hellinikos Ichnilatis,47,55
Hokkaido,46,52
Holländischer Schäferhund Kurzhaar,55,62
Holländischer Schäferhund Langhaar,55,62
Holländischer Schäferhund Rauhhaar,55,62
Hollandse Herdershond,55,62
Hollandse Smoushond,35,42
Hovawart,58,70
Hrvatski Ovcar,40,50
Husky,51,60
Ibizan Hound,56,74
Inka Nackthund,25,60
Irischer Rot-Weißer Setter,57,66
Irischer Wolfshund,71,90
Irish Glen of Imaal Terrier,32,36
Irish Red and White Setter,55,61
Irish red-and-white Setter,57,61
Irish Setter,58,67
Irish Soft Coated Wheaten Terrier,46,48
Irish Terrier,45,48
Isländer Spitz,38,46
Islandhund,42,48
Istrianer Bracke Kurzhaar (Kratkodlaki Gonic),44,56
Istrianer Bracke Rauhhaar (Ostrodlaki Gonic),44,56
Istrianer Rauhhaarige Bracke,46,58
Italian Greyhound,32,38
Italienisches Windspiel,32,38
Jack Russell Terrier,25,38
Jagdterrier,33,40
Jämthund,57,65
Japan-Chin,20,27
Japanischer Spitz,30,37
Jura Laufhund,43,58
Kai,45,55
Kanarische Dogge,60,65
Kangal,70,81
Kangal-Hirtenhund,63,80
Kaukasischer Ovtcharka,64,75
Kerry Blue Terrier,44,48
King Charles Spaniel,30,33
Klein- oder Mittelpudel,28,45
Kleinpudel,35,45
Kleinpudel falb aus Mehrfarben,28,35
Kleinpudel schwarz aus Mehrfarben,28,35
Kleinspitz Braun/Schwarz,23,29
Kleinspitz Neufarben,23,29
Kleinspitz Weiss,23,29
Komondor,65,80
Kooikerhond,35,40
Kooikerhondje,35,40
Korea Jindo Dog,45,55
Krazski Ovcar,54,63
Kromfohrländer,38,46
Kurzhaar Dachshund Kaninchen,12,15
Kurzhaar Dachshund Normal,20,27
Kurzhaar Dachshund Zwerg,16,21
Kurzhaardackel,20,27
Kurzhaariger Collie,51,61
Kuvasz,66,76
Labradoodle,53,61
Labrador Retriever,55,62
Laekenois,60,65
Lagotto Romagnolo,41,48
Lakeland Terrier,33,38
Lakeland-Terrier,33,38
Lancashire Heeler,25,30
Lancashire-Heeler,25,30
Landseer,72,80
Langhaar Dachshund Kaninchen,12,15
Langhaar Dachshund Normal,20,27
Langhaar Dachshund Zwerg,16,21
Langhaardackel,20,27
Lapinporokoira,43,49
Lappländer Rentierhund,45,55
Leonberger,65,80
Lhasa Apso,25,28
Löwchen,25,33
Lurcher,56,71
Luzerner Laufhund,47,59
Magyar Agar,62,70
Magyar Vizsla,53,64
Malinois,56,66
Maltese,20,25
Malteser,20,25
Manchester Terrier,35,41
Maremmaner Hirtenhund,60,73
Maremmano - Abruzzese,60,73
Mastiff,70,91
Mastin espanol,72,88
Mastino Napoletano,60,75
Mehrfarben Grosspudel schwarz loh,45,62
Mehrfarben Grosspudel schwarz weiss,45,62
Mehrfarben Kleinpudel schwarz loh,35,45
Mehrfarben Kleinpudel schwarz weiss,35,45
Mehrfarben Toypudel schwarz weiss,24,28
Mehrfarben Zwergpudel schwarz loh,28,35
Mehrfarben Zwergpudel schwarz weiss,28,35
Mehrfarbenpudel schwarz-loh,35,45
Mexikanischer Nackthund,25,60
Miniatur Bull Terrier,25,35
Miniature Australian Shepherd,33,46
Miniature Pinscher,25,30
Mittelspitz,30,38
Mittelspitz Braun/Schwarz,30,38
Mittelspitz Neufarben,30,38
Mittelspitz Weiss,30,38
Mops,25,36
Mops (Carlin),25,30
Mudi,38,47
Neufundländer,63,74
Newfoundland,63,74
Norbottenspets,41,45
Norfolk Terrier,25,26
Norfolk-Terrier,23,25
Norsk Buhund,41,47
Norsk Elghund Grä,49,52
Norsk Lundehund,32,38
Norwegischer Buhund,41,47
Norwegischer Elchhund,45,52
Norwegischer Lundehund,32,38
Nova Scotia Duck Tolling Retriever,45,54
Ogar Polski,56,65
Old English Sheepdog,55,61
Old English Sheepdog (Bobtail),55,61
Österreichischer Pinscher,35,50
Otterhound,61,69
Papillon,20,28
Pekinese,15,23
Pekingese,15,23
Perdigueiro de Burgos,59,67
Perdigueiro Portugues,48,57
Perdiguero de Burgos,59,67
Perro de Agua Espanol,40,50
Perro dogo mallorquin,52,58
Perro sin pelo del Peru (Grande),50,65
Perro sin pelo del Peru (Medio),40,50
Perro sin pelo del Peru (Pequeno),25,40
Peruanische Nackthund,25,60
Petit Basset Griffon Vendeen,32,40
Petit Bleu de Gascogne,50,58
Petit brabancon,25,30
Phalene,20,28
Pharaoh Hound,53,63
Pharaonenhund,53,63
Pinscher,25,30
Podenco Ibicenco,56,74
Podenco Ibicenco Kurzhaar,60,72
Podenco Ibicenco Rauhhaar,60,72
Podengo Portugues Kurzhaar Medio,40,54
Podengo Portugues Kurzhaar Pequeno,20,30
Podengo Portugues Rauhhaar Medio,40,54
Podengo Portugues Rauhhaar Pequeno,20,30
Podengo Portugueso Medio,40,54
Podengo Portugueso Pequeno,20,30
Podhalenhund,61,70
Pointer,61,69
Poitevin,60,72
Polnischer Berghund,65,70
Polnischer Niederungshütehund,42,50
Polski Owczarek Nizinny,42,52
Polski Owczarek Podhalanski,60,70
Pomsky,20,40
Porcelaine,55,58
Posavski Gonic,46,58
Prager Rattler,20,23
Pudelpointer,55,66
Puli,36,44
Puli andersfarbig,36,44
Puli weiss,36,44
Pumi,38,47
Pyrenäenberghund,65,82
Rafeiro do Alentejo,64,74
Ratero,20,30
Rauhhaar Dachshund Kaninchen,12,15
Rauhhaar Dachshund Normal,20,27
Rauhhaar Dachshund Zwerg,16,21
Rauhhaardackel (Zwergdackel),14,21
Rhodesian Ridgeback,61,69
Riesenschnauzer,60,70
Riesenschnauzer pfeffer-salz,60,70
Riesenschnauzer schwarz,60,70
Rottweiler,56,69
Russisch-Europäischer Laika,52,58
Russkiy Toy,20,28
Saarlooswolfhond,60,75
Saarloos-Wolfhund,60,75
Sakhalin Husky,53,60
Saluki,58,71
Samojede,48,60
Samoyed,48,60
Sandros Leisha Dog,50,60
Sarplaninac,54,62
Save-Bracke,46,55
Schapendoes,40,50
Schipperke,25,33
Schnauzer,45,50
Schnauzer pfeffersalz,45,50
Schnauzer schwarz,45,50
Schottischer Terrier,25,28
Schweizerische Laufhunde,47,59
Schweizerische Niederlaufhunde,35,43
Schwyzer Laufhund,49,59
Sealyham-Terrier,27,30
Segugio Italiano a pelo forte,52,60
Segugio Italiano a pelo raso,52,60
Segugio Maremmano,48,58
Shar-Pei,43,51
Sheltie,33,41
Shetland Sheepdog,33,40
Shiba Inu,35,41
Shih Tzu,20,28
Shikoku,43,55
Shiloh Shepherd,66,76
Siberian Husky,50,60
Silken Windsprite,47,60
Skye Terrier,25,26
Sloughi,61,72
Slovensky Cuvac,59,70
Slovensky Kopov,40,50
Smalandsstövare,42,54
Soft-Coated Wheaten Terrier,46,48
Spinone,60,70
Spinone Italiano,60,70
Spitz,18,22
Srpski Gonic,45,55
Srpski Trobojni Gonic,45,55
St. Bernhardshund Kurzhaar,65,80
St. Bernhardshund Langhaar,65,80
Stabyhond,48,53
Stabyhoun,48,53
Staffordshire Bull Terrier,36,41
Staffordshire-Bullterrier,36,41
Steirische Rauhaarbracke,45,53
Steirische Rauhhaarige Hochgebirgsbracke,45,53
Südrussischer Ovtcharka,65,78
Sussex Spaniel,38,41
Sussex-Spaniel,38,41
Taiwan Dog,48,52
Taiwanhund,43,53
Tervueren,56,66
Thai Bangkaew Dog,41,55
Thai Ridgeback Dog,51,61
Tibetan Mastiff,61,76
Tibetan Spaniel,24,28
Tibetdogge,61,76
Tibetischer Kyi Apso,61,66
Tibet-Spaniel,25,26
Tibet-Terrier,36,41
Tiroler Bracke,42,50
Tornjak,65,70
Tosa Inu,60,82
Toy-Pudel,24,28
Toypudel Apricot,24,28
Toypudel Braun,24,28
Toypudel Falb,24,28
Toypudel falb aus Mehrfarben,24,28
Toypudel Grau,24,28
Toypudel Rot,24,28
Toypudel Schwarz,24,28
Toypudel schwarz aus Mehrfarben,24,28
Toypudel Weiss,24,28
Tschechoslowakischer Wolfhund,60,65
Ungarische Bracke,55,65
Västgötaspets,31,33
Volpino,25,30
Volpino Italiano,24,30
Wachtelhund,45,54
Wäller,50,65
Weimaraner,59,67
Weimaraner Kurzhaar,59,70
Weimaraner Langhaar,59,70
Weißer Schweizer Schäferhund,55,66
Welsh Corgi Cardigan,25,33
Welsh Corgi Pembroke,25,30
Welsh Springer Spaniel,46,48
West Highland White Terrier,25,28
Wetterhoun,55,59
Whippet,44,56
Windhund,60,76
Wolfspitz,43,55
Wolfsspitz,43,55
Xoloitzcuintle Grande,50,65
Xoloitzcuintle Medio,38,51
Xoloitzcuintle Miniatura,25,35
Yorkshire Terrier,18,23
Zentralasiatischer Ovtcharka,65,78
Zentralasiatischer Owtscharka,65,78
Zwergpinscher,25,30
Zwergpudel,28,35
Zwergpudel falb aus Mehrfarben,28,35
Zwergpudel schwarz aus Mehrfarben,28,35
Zwergschäferhund,30,35
Zwergschnauzer,30,35
Zwergschnauzer pfeffer-salz,30,35
Zwergschnauzer schwarz,30,35
Zwergschnauzer schwarz-silber,30,35
Zwergschnauzer weiss,30,35
Zwergspitz,18,27
Zwergspitz (Pomeranian),18,24
